<?xml version="1.0" encoding="UTF-8"?>
<!DOCTYPE tiles-definitions PUBLIC
        "-//Apache Software Foundation//DTD Tiles Configuration 3.0//EN"
        "http://tiles.apache.org/dtds/tiles-config_3_0.dtd">
<tiles-definitions>
    <!-- 메뉴 표시 -->
    <definition name="base" template="/WEB-INF/views/index.jsp">
        <put-attribute name="head" value="/WEB-INF/views/common/head.jsp"/>
        <put-attribute name="header" value="/WEB-INF/views/common/header.jsp"/>
        <put-attribute name="content"/>
        <put-attribute name="footer" value="/WEB-INF/views/common/footer.jsp"/>
    </definition>
    <!--member-->
    <definition name="emptyBase" template="/WEB-INF/views/common/emptyBase.jsp">
        <put-attribute name="head" value="/WEB-INF/views/common/head.jsp"/>
        <put-attribute name="content"/>
    </definition>
    <definition name="index" extends="base">
        <put-attribute name="content" value="/WEB-INF/views/main/main.jsp" />
    </definition>
    <definition name="login" extends="emptyBase">
        <put-attribute name="content" value="/WEB-INF/views/member/login.jsp" />
    </definition>
    <definition name="signup" extends="emptyBase">
        <put-attribute name="content" value="/WEB-INF/views/member/signup.jsp" />
    </definition>
    <definition name="resetPassword" extends="emptyBase">
        <put-attribute name="content" value="/WEB-INF/views/member/resetPassword.jsp" />
    </definition>
    <!--community-->
    <definition name="communityList" extends="base">
        <put-attribute name="content" value="/WEB-INF/views/community/communityList.jsp" />
    </definition>
    <definition name="communityWrite" extends="base">
        <put-attribute name="content" value="/WEB-INF/views/community/communityWrite.jsp" />
    </definition>
    <definition name="communityDetail" extends="base">
        <put-attribute name="content" value="/WEB-INF/views/community/communityDetail.jsp" />
    </definition>
    <!--FAQ-->
    <definition name="faq" extends="base">
        <put-attribute name="content" value="/WEB-INF/views/faq/faq.jsp" />
    </definition>
    <!--mypage-->
    <definition name="myPage" extends="base">
        <!--중첩 사용-->
        <put-attribute name="content">
            <definition template="/WEB-INF/views/member/myPage.jsp">
                <put-attribute name="myAside" value="/WEB-INF/views/member/myAside.jsp"/>
                <put-attribute name="myMain" value="/WEB-INF/views/member/myMain.jsp"/>
            </definition>
        </put-attribute>
    </definition>
    <!--class 목록-->
    <definition name="classesList" extends="base">
        <put-attribute name="content" value="/WEB-INF/views/classes/classesList.jsp" />
    </definition>
    <definition name="classesDetail" extends="base">
        <put-attribute name="content" value="/WEB-INF/views/classes/classesDetail.jsp" />
    </definition>
    <definition name="classesApply" extends="emptyBase">
        <put-attribute name="content" value="/WEB-INF/views/classes/classesApply.jsp" />
    </definition>
    <!--멘토 신청하기-->
    <definition name="mentoApply" extends="emptyBase">
        <put-attribute name="content" value="/WEB-INF/views/member/mentoApply.jsp" />
    </definition>

</tiles-definitions>